{
  "translation": {
    "mean": [
      0.08555582165718079,
      -0.016000179573893547,
      0.537784993648529
    ],
    "std": [
      0.15568168461322784,
      0.17905843257904053,
      0.21611998975276947
    ]
  },
  "wrist_rot": {
    "mean": [
      0.13186486065387726,
      0.33094730973243713,
      0.4927147328853607,
      -0.535815954208374,
      -0.6861792802810669,
      -0.4325960874557495
    ],
    "std": [
      0.37312522530555725,
      0.4530833959579468,
      0.28940922021865845,
      0.34647029638290405,
      0.21443849802017212,
      0.3009711503982544
    ]
  },
  "finger_rot": {
    "mean": [
      0.779064953327179,
      -0.5218378305435181,
      0.5155628323554993,
      0.778388500213623,
      0.11952324956655502,
      0.09539873152971268,
      0.9027665257453918,
      -0.330933153629303,
      0.33079853653907776,
      0.9027178883552551,
      0.005311827175319195,
      0.019423510879278183,
      0.8653820753097534,
      -0.39758065342903137,
      0.3978077173233032,
      0.8656247854232788,
      -0.00017294342978857458,
      -0.001662751194089651,
      0.6674591898918152,
      -0.6336711645126343,
      0.6227722764015198,
      0.662981390953064,
      -0.15343768894672394,
      -0.061774738132953644,
      0.8896721005439758,
      -0.38023003935813904,
      0.3779999315738678,
      0.882962167263031,
      -0.035839371383190155,
      -0.08163722604513168,
      0.8179357051849365,
      -0.45781463384628296,
      0.45696455240249634,
      0.8118829131126404,
      -0.03576025739312172,
      -0.07961955666542053,
      0.586199164390564,
      -0.6765254139900208,
      0.43999963998794556,
      0.5482584238052368,
      -0.6502699255943298,
      -0.22342757880687714,
      0.969194769859314,
      -0.1871575266122818,
      0.1863686591386795,
      0.9495542645454407,
      -0.027012962847948074,
      -0.1373436599969864,
      0.8899944424629211,
      -0.19519934058189392,
      0.20360442996025085,
      0.7926249504089355,
      -0.03809052333235741,
      -0.34897682070732117,
      0.6177829504013062,
      -0.7070438861846924,
      0.6492647528648376,
      0.5506004095077515,
      -0.3405444025993347,
      -0.23609909415245056,
      0.9395371675491333,
      -0.22436688840389252,
      0.22220821678638458,
      0.9345139265060425,
      -0.02880573458969593,
      -0.05384686216711998,
      0.7399819493293762,
      -0.533845067024231,
      0.5331581234931946,
      0.7106175422668457,
      -0.08940041810274124,
      -0.17445755004882812,
      0.697926938533783,
      -0.5600551962852478,
      0.29826146364212036,
      0.7331281304359436,
      0.5984966158866882,
      0.2884511947631836,
      0.9860551953315735,
      0.10708246380090714,
      -0.12658655643463135,
      0.9927324652671814,
      -0.13201647996902466,
      -0.13512711226940155,
      0.9811776876449585,
      -0.056845832616090775,
      0.043460894376039505,
      0.9948878288269043,
      0.02347906492650509,
      0.02803182788193226
    ],
    "std": [
      0.18369336426258087,
      0.26865091919898987,
      0.2698040008544922,
      0.19538752734661102,
      0.0925048291683197,
      0.0662870779633522,
      0.15520934760570526,
      0.24058738350868225,
      0.24029289186000824,
      0.15452535450458527,
      0.03430062159895897,
      0.020881643518805504,
      0.17192184925079346,
      0.2593013048171997,
      0.25958678126335144,
      0.17147758603096008,
      0.017400601878762245,
      0.018560422584414482,
      0.26336294412612915,
      0.26899102330207825,
      0.26238176226615906,
      0.27666154503822327,
      0.07172640413045883,
      0.08779008686542511,
      0.11719133704900742,
      0.23213134706020355,
      0.22887395322322845,
      0.12661024928092957,
      0.05345220863819122,
      0.06381412595510483,
      0.2143317312002182,
      0.2759551703929901,
      0.2751707136631012,
      0.2220521718263626,
      0.04528072476387024,
      0.049507755786180496,
      0.14252671599388123,
      0.16476145386695862,
      0.09989514946937561,
      0.3211086690425873,
      0.1000068411231041,
      0.2511579096317291,
      0.055576469749212265,
      0.17155134677886963,
      0.17055228352546692,
      0.08588287979364395,
      0.04857279360294342,
      0.12691733241081238,
      0.18229897320270538,
      0.35037556290626526,
      0.3352230489253998,
      0.2526741921901703,
      0.16451554000377655,
      0.17266204953193665,
      0.21580618619918823,
      0.1823579967021942,
      0.16680365800857544,
      0.28863465785980225,
      0.08584640920162201,
      0.15362341701984406,
      0.09780789911746979,
      0.2481088936328888,
      0.24456726014614105,
      0.10652231425046921,
      0.04817728325724602,
      0.07114754617214203,
      0.28451383113861084,
      0.2686898112297058,
      0.2673285901546478,
      0.31667184829711914,
      0.09929937869310379,
      0.08844718337059021,
      0.14087781310081482,
      0.1485864371061325,
      0.16469711065292358,
      0.08548007905483246,
      0.13784028589725494,
      0.19064068794250488,
      0.02178986370563507,
      0.04604105278849602,
      0.055855732411146164,
      0.016447613015770912,
      0.10415826737880707,
      0.054567672312259674,
      0.041505955159664154,
      0.08680669218301773,
      0.07587751746177673,
      0.017522867769002914,
      0.1820492446422577,
      0.07187070697546005
    ]
  }
}